<?xml version='1.0' encoding='utf-8'?>
<project xmlns:xsi="http://www.w3.org/2001/XMLSchema-instance" xmlns="http://www.plcopen.org/xml/tc6_0201" xmlns:xhtml="http://www.w3.org/1999/xhtml" xsi:schemaLocation="http://www.plcopen.org/xml/tc6_0201">
  <fileHeader companyName="Blank" productName="Blank" productVersion="1.0" creationDateTime="2016-05-18T21:14:07"/>
  <contentHeader name="Blank Project" modificationDateTime="2018-06-25T14:34:19">
    <coordinateInfo>
      <fbd>
        <scaling x="10" y="10"/>
      </fbd>
      <ld>
        <scaling x="10" y="10"/>
      </ld>
      <sfc>
        <scaling x="10" y="10"/>
      </sfc>
    </coordinateInfo>
  </contentHeader>
  <types>
    <dataTypes/>
    <pous>
      <pou name="My_Program" pouType="program">
        <interface>
          <localVars>
            <variable name="raw_temp" address="%IW0">
              <type>
                <UINT/>
              </type>
            </variable>
            <variable name="Ref_Voltage" address="%QW0">
              <type>
                <UINT/>
              </type>
              <initialValue>
                <simpleValue value="65535"/>
              </initialValue>
            </variable>
            <variable name="converted_temp" address="%QW1">
              <type>
                <INT/>
              </type>
            </variable>
            <variable name="voltage" address="%QW7">
              <type>
                <INT/>
              </type>
            </variable>
            <variable name="resistance" address="%QW8">
              <type>
                <INT/>
              </type>
            </variable>
            <variable name="setpoint" address="%QW2">
              <type>
                <INT/>
              </type>
              <initialValue>
                <simpleValue value="4000"/>
              </initialValue>
            </variable>
            <variable name="mode_register" address="%QW4">
              <type>
                <INT/>
              </type>
            </variable>
            <variable name="heater_control" address="%QW5">
              <type>
                <INT/>
              </type>
            </variable>
            <variable name="heater_man" address="%QX99.0">
              <type>
                <BOOL/>
              </type>
            </variable>
            <variable name="heater_auto" address="%QX99.1">
              <type>
                <BOOL/>
              </type>
            </variable>
            <variable name="heater" address="%QX0.0">
              <type>
                <BOOL/>
              </type>
            </variable>
          </localVars>
          <localVars>
            <variable name="Temp_Conversion0">
              <type>
                <derived name="Temp_Conversion"/>
              </type>
            </variable>
          </localVars>
        </interface>
        <body>
          <LD>
            <comment localId="1" height="40" width="690">
              <position x="20" y="20"/>
              <content>
                <xhtml:p><![CDATA[Temperature Conversion]]></xhtml:p>
              </content>
            </comment>
            <inVariable localId="3" height="30" width="60" negated="false">
              <position x="100" y="100"/>
              <connectionPointOut>
                <relPosition x="60" y="20"/>
              </connectionPointOut>
              <expression>raw_temp</expression>
            </inVariable>
            <outVariable localId="4" height="30" width="90" negated="false">
              <position x="430" y="80"/>
              <connectionPointIn>
                <relPosition x="0" y="20"/>
                <connection refLocalId="5" formalParameter="converted_temp">
                  <position x="430" y="100"/>
                  <position x="395" y="100"/>
                  <position x="395" y="120"/>
                  <position x="370" y="120"/>
                </connection>
              </connectionPointIn>
              <expression>converted_temp</expression>
            </outVariable>
            <block localId="5" typeName="Temp_Conversion" instanceName="Temp_Conversion0" height="80" width="150">
              <position x="220" y="90"/>
              <inputVariables>
                <variable formalParameter="raw_temp">
                  <connectionPointIn>
                    <relPosition x="0" y="30"/>
                    <connection refLocalId="3">
                      <position x="220" y="120"/>
                      <position x="160" y="120"/>
                    </connection>
                  </connectionPointIn>
                </variable>
              </inputVariables>
              <inOutVariables/>
              <outputVariables>
                <variable formalParameter="converted_temp">
                  <connectionPointOut>
                    <relPosition x="150" y="30"/>
                  </connectionPointOut>
                </variable>
                <variable formalParameter="voltage_out">
                  <connectionPointOut>
                    <relPosition x="150" y="50"/>
                  </connectionPointOut>
                </variable>
                <variable formalParameter="resistance_out">
                  <connectionPointOut>
                    <relPosition x="150" y="70"/>
                  </connectionPointOut>
                </variable>
              </outputVariables>
            </block>
            <block localId="6" typeName="EQ" height="60" width="60">
              <position x="230" y="500"/>
              <inputVariables>
                <variable formalParameter="IN1">
                  <connectionPointIn>
                    <relPosition x="0" y="30"/>
                    <connection refLocalId="7">
                      <position x="230" y="530"/>
                      <position x="190" y="530"/>
                    </connection>
                  </connectionPointIn>
                </variable>
                <variable formalParameter="IN2">
                  <connectionPointIn>
                    <relPosition x="0" y="50"/>
                    <connection refLocalId="8">
                      <position x="230" y="550"/>
                      <position x="205" y="550"/>
                      <position x="205" y="570"/>
                      <position x="180" y="570"/>
                    </connection>
                  </connectionPointIn>
                </variable>
              </inputVariables>
              <inOutVariables/>
              <outputVariables>
                <variable formalParameter="OUT">
                  <connectionPointOut>
                    <relPosition x="60" y="30"/>
                  </connectionPointOut>
                </variable>
              </outputVariables>
            </block>
            <inVariable localId="7" height="30" width="90" negated="false">
              <position x="100" y="510"/>
              <connectionPointOut>
                <relPosition x="90" y="20"/>
              </connectionPointOut>
              <expression>heater_control</expression>
            </inVariable>
            <inVariable localId="8" height="30" width="20" negated="false">
              <position x="160" y="550"/>
              <connectionPointOut>
                <relPosition x="20" y="20"/>
              </connectionPointOut>
              <expression>1</expression>
            </inVariable>
            <block localId="9" typeName="LE" height="60" width="60">
              <position x="230" y="220"/>
              <inputVariables>
                <variable formalParameter="IN1">
                  <connectionPointIn>
                    <relPosition x="0" y="30"/>
                    <connection refLocalId="10">
                      <position x="230" y="250"/>
                      <position x="180" y="250"/>
                    </connection>
                  </connectionPointIn>
                </variable>
                <variable formalParameter="IN2">
                  <connectionPointIn>
                    <relPosition x="0" y="50"/>
                    <connection refLocalId="31" formalParameter="OUT">
                      <position x="230" y="270"/>
                      <position x="215" y="270"/>
                      <position x="215" y="300"/>
                      <position x="200" y="300"/>
                    </connection>
                  </connectionPointIn>
                </variable>
              </inputVariables>
              <inOutVariables/>
              <outputVariables>
                <variable formalParameter="OUT">
                  <connectionPointOut>
                    <relPosition x="60" y="30"/>
                  </connectionPointOut>
                </variable>
              </outputVariables>
            </block>
            <inVariable localId="10" height="30" width="90" negated="false">
              <position x="90" y="230"/>
              <connectionPointOut>
                <relPosition x="90" y="20"/>
              </connectionPointOut>
              <expression>converted_temp</expression>
            </inVariable>
            <inVariable localId="11" height="30" width="50" negated="false">
              <position x="60" y="270"/>
              <connectionPointOut>
                <relPosition x="50" y="20"/>
              </connectionPointOut>
              <expression>setpoint</expression>
            </inVariable>
            <coil localId="12" height="20" width="30" negated="false" storage="set">
              <position x="410" y="240"/>
              <connectionPointIn>
                <relPosition x="0" y="10"/>
                <connection refLocalId="9" formalParameter="OUT">
                  <position x="410" y="250"/>
                  <position x="290" y="250"/>
                </connection>
              </connectionPointIn>
              <connectionPointOut>
                <relPosition x="30" y="10"/>
              </connectionPointOut>
              <variable>heater_auto</variable>
            </coil>
            <rightPowerRail localId="13" height="40" width="10">
              <position x="520" y="230"/>
              <connectionPointIn>
                <relPosition x="0" y="20"/>
                <connection refLocalId="12">
                  <position x="520" y="250"/>
                  <position x="440" y="250"/>
                </connection>
              </connectionPointIn>
            </rightPowerRail>
            <inVariable localId="14" height="30" width="90" negated="false" executionOrderId="0">
              <position x="90" y="380"/>
              <connectionPointOut>
                <relPosition x="90" y="20"/>
              </connectionPointOut>
              <expression>converted_temp</expression>
            </inVariable>
            <inVariable localId="15" height="30" width="50" negated="false" executionOrderId="0">
              <position x="130" y="420"/>
              <connectionPointOut>
                <relPosition x="50" y="20"/>
              </connectionPointOut>
              <expression>setpoint</expression>
            </inVariable>
            <coil localId="16" height="20" width="30" negated="false" storage="reset" executionOrderId="0">
              <position x="410" y="390"/>
              <connectionPointIn>
                <relPosition x="0" y="10"/>
                <connection refLocalId="18" formalParameter="OUT">
                  <position x="410" y="400"/>
                  <position x="290" y="400"/>
                </connection>
              </connectionPointIn>
              <connectionPointOut>
                <relPosition x="30" y="10"/>
              </connectionPointOut>
              <variable>heater_auto</variable>
            </coil>
            <rightPowerRail localId="17" height="40" width="10" executionOrderId="0">
              <position x="520" y="380"/>
              <connectionPointIn>
                <relPosition x="0" y="20"/>
                <connection refLocalId="16">
                  <position x="520" y="400"/>
                  <position x="440" y="400"/>
                </connection>
              </connectionPointIn>
            </rightPowerRail>
            <block localId="18" typeName="GE" height="60" width="60">
              <position x="230" y="370"/>
              <inputVariables>
                <variable formalParameter="IN1">
                  <connectionPointIn>
                    <relPosition x="0" y="30"/>
                    <connection refLocalId="14">
                      <position x="230" y="400"/>
                      <position x="180" y="400"/>
                    </connection>
                  </connectionPointIn>
                </variable>
                <variable formalParameter="IN2">
                  <connectionPointIn>
                    <relPosition x="0" y="50"/>
                    <connection refLocalId="15">
                      <position x="230" y="420"/>
                      <position x="205" y="420"/>
                      <position x="205" y="440"/>
                      <position x="180" y="440"/>
                    </connection>
                  </connectionPointIn>
                </variable>
              </inputVariables>
              <inOutVariables/>
              <outputVariables>
                <variable formalParameter="OUT">
                  <connectionPointOut>
                    <relPosition x="60" y="30"/>
                  </connectionPointOut>
                </variable>
              </outputVariables>
            </block>
            <coil localId="19" height="20" width="30" negated="false">
              <position x="410" y="520"/>
              <connectionPointIn>
                <relPosition x="0" y="10"/>
                <connection refLocalId="6" formalParameter="OUT">
                  <position x="410" y="530"/>
                  <position x="290" y="530"/>
                </connection>
              </connectionPointIn>
              <connectionPointOut>
                <relPosition x="30" y="10"/>
              </connectionPointOut>
              <variable>heater_man</variable>
            </coil>
            <rightPowerRail localId="20" height="40" width="10">
              <position x="520" y="510"/>
              <connectionPointIn>
                <relPosition x="0" y="20"/>
                <connection refLocalId="19">
                  <position x="520" y="530"/>
                  <position x="440" y="530"/>
                </connection>
              </connectionPointIn>
            </rightPowerRail>
            <block localId="2" typeName="EQ" height="60" width="60" executionOrderId="0">
              <position x="230" y="630"/>
              <inputVariables>
                <variable formalParameter="IN1">
                  <connectionPointIn>
                    <relPosition x="0" y="30"/>
                    <connection refLocalId="21">
                      <position x="230" y="660"/>
                      <position x="190" y="660"/>
                    </connection>
                  </connectionPointIn>
                </variable>
                <variable formalParameter="IN2">
                  <connectionPointIn>
                    <relPosition x="0" y="50"/>
                    <connection refLocalId="22">
                      <position x="230" y="680"/>
                      <position x="205" y="680"/>
                      <position x="205" y="700"/>
                      <position x="180" y="700"/>
                    </connection>
                  </connectionPointIn>
                </variable>
              </inputVariables>
              <inOutVariables/>
              <outputVariables>
                <variable formalParameter="OUT">
                  <connectionPointOut>
                    <relPosition x="60" y="30"/>
                  </connectionPointOut>
                </variable>
              </outputVariables>
            </block>
            <inVariable localId="21" height="30" width="90" negated="false" executionOrderId="0">
              <position x="100" y="640"/>
              <connectionPointOut>
                <relPosition x="90" y="20"/>
              </connectionPointOut>
              <expression>mode_register</expression>
            </inVariable>
            <inVariable localId="22" height="30" width="20" negated="false" executionOrderId="0">
              <position x="160" y="680"/>
              <connectionPointOut>
                <relPosition x="20" y="20"/>
              </connectionPointOut>
              <expression>0</expression>
            </inVariable>
            <contact localId="23" height="20" width="30" negated="false">
              <position x="350" y="650"/>
              <connectionPointIn>
                <relPosition x="0" y="10"/>
                <connection refLocalId="2" formalParameter="OUT">
                  <position x="350" y="660"/>
                  <position x="290" y="660"/>
                </connection>
              </connectionPointIn>
              <connectionPointOut>
                <relPosition x="30" y="10"/>
              </connectionPointOut>
              <variable>heater_auto</variable>
            </contact>
            <coil localId="24" height="20" width="30" negated="false">
              <position x="450" y="650"/>
              <connectionPointIn>
                <relPosition x="0" y="10"/>
                <connection refLocalId="23">
                  <position x="450" y="660"/>
                  <position x="380" y="660"/>
                </connection>
                <connection refLocalId="29">
                  <position x="450" y="660"/>
                  <position x="415" y="660"/>
                  <position x="415" y="770"/>
                  <position x="380" y="770"/>
                </connection>
              </connectionPointIn>
              <connectionPointOut>
                <relPosition x="30" y="10"/>
              </connectionPointOut>
              <variable>heater</variable>
            </coil>
            <rightPowerRail localId="25" height="40" width="10">
              <position x="520" y="640"/>
              <connectionPointIn>
                <relPosition x="0" y="20"/>
                <connection refLocalId="24">
                  <position x="520" y="660"/>
                  <position x="480" y="660"/>
                </connection>
              </connectionPointIn>
            </rightPowerRail>
            <block localId="26" typeName="EQ" height="60" width="60" executionOrderId="0">
              <position x="230" y="740"/>
              <inputVariables>
                <variable formalParameter="IN1">
                  <connectionPointIn>
                    <relPosition x="0" y="30"/>
                    <connection refLocalId="27">
                      <position x="230" y="770"/>
                      <position x="190" y="770"/>
                    </connection>
                  </connectionPointIn>
                </variable>
                <variable formalParameter="IN2">
                  <connectionPointIn>
                    <relPosition x="0" y="50"/>
                    <connection refLocalId="28">
                      <position x="230" y="790"/>
                      <position x="205" y="790"/>
                      <position x="205" y="810"/>
                      <position x="180" y="810"/>
                    </connection>
                  </connectionPointIn>
                </variable>
              </inputVariables>
              <inOutVariables/>
              <outputVariables>
                <variable formalParameter="OUT">
                  <connectionPointOut>
                    <relPosition x="60" y="30"/>
                  </connectionPointOut>
                </variable>
              </outputVariables>
            </block>
            <inVariable localId="27" height="30" width="90" negated="false" executionOrderId="0">
              <position x="100" y="750"/>
              <connectionPointOut>
                <relPosition x="90" y="20"/>
              </connectionPointOut>
              <expression>mode_register</expression>
            </inVariable>
            <inVariable localId="28" height="30" width="20" negated="false" executionOrderId="0">
              <position x="160" y="790"/>
              <connectionPointOut>
                <relPosition x="20" y="20"/>
              </connectionPointOut>
              <expression>1</expression>
            </inVariable>
            <contact localId="29" height="20" width="30" negated="false" executionOrderId="0">
              <position x="350" y="760"/>
              <connectionPointIn>
                <relPosition x="0" y="10"/>
                <connection refLocalId="26" formalParameter="OUT">
                  <position x="350" y="770"/>
                  <position x="290" y="770"/>
                </connection>
              </connectionPointIn>
              <connectionPointOut>
                <relPosition x="30" y="10"/>
              </connectionPointOut>
              <variable>heater_man</variable>
            </contact>
            <block localId="31" typeName="SUB" height="60" width="60">
              <position x="140" y="270"/>
              <inputVariables>
                <variable formalParameter="IN1">
                  <connectionPointIn>
                    <relPosition x="0" y="30"/>
                    <connection refLocalId="11">
                      <position x="140" y="300"/>
                      <position x="125" y="300"/>
                      <position x="125" y="290"/>
                      <position x="110" y="290"/>
                    </connection>
                  </connectionPointIn>
                </variable>
                <variable formalParameter="IN2">
                  <connectionPointIn>
                    <relPosition x="0" y="50"/>
                    <connection refLocalId="32">
                      <position x="140" y="320"/>
                      <position x="120" y="320"/>
                      <position x="120" y="330"/>
                      <position x="110" y="330"/>
                    </connection>
                  </connectionPointIn>
                </variable>
              </inputVariables>
              <inOutVariables/>
              <outputVariables>
                <variable formalParameter="OUT">
                  <connectionPointOut>
                    <relPosition x="60" y="30"/>
                  </connectionPointOut>
                </variable>
              </outputVariables>
            </block>
            <inVariable localId="32" height="30" width="30" negated="false">
              <position x="80" y="310"/>
              <connectionPointOut>
                <relPosition x="30" y="20"/>
              </connectionPointOut>
              <expression>150</expression>
            </inVariable>
            <outVariable localId="30" height="30" width="90" negated="false" executionOrderId="0">
              <position x="430" y="120"/>
              <connectionPointIn>
                <relPosition x="0" y="20"/>
                <connection refLocalId="5" formalParameter="voltage_out">
                  <position x="430" y="140"/>
                  <position x="370" y="140"/>
                </connection>
              </connectionPointIn>
              <expression>voltage</expression>
            </outVariable>
            <outVariable localId="33" height="30" width="90" negated="false" executionOrderId="0">
              <position x="430" y="160"/>
              <connectionPointIn>
                <relPosition x="0" y="20"/>
                <connection refLocalId="5" formalParameter="resistance_out">
                  <position x="430" y="180"/>
                  <position x="390" y="180"/>
                  <position x="390" y="160"/>
                  <position x="370" y="160"/>
                </connection>
              </connectionPointIn>
              <expression>resistance</expression>
            </outVariable>
          </LD>
        </body>
      </pou>
      <pou name="Temp_Conversion" pouType="functionBlock">
        <interface>
          <inputVars>
            <variable name="raw_temp">
              <type>
                <UINT/>
              </type>
            </variable>
          </inputVars>
          <localVars>
            <variable name="voltage">
              <type>
                <REAL/>
              </type>
            </variable>
            <variable name="resistance">
              <type>
                <REAL/>
              </type>
            </variable>
            <variable name="steinhart">
              <type>
                <REAL/>
              </type>
            </variable>
            <variable name="THERMISTORNOMINAL">
              <type>
                <REAL/>
              </type>
              <initialValue>
                <simpleValue value="10000.0"/>
              </initialValue>
            </variable>
            <variable name="TEMPERATURENOMINAL">
              <type>
                <REAL/>
              </type>
              <initialValue>
                <simpleValue value="25.0"/>
              </initialValue>
            </variable>
            <variable name="BCOEFFICIENT">
              <type>
                <REAL/>
              </type>
              <initialValue>
                <simpleValue value="3950.0"/>
              </initialValue>
            </variable>
            <variable name="SERIESRESISTOR">
              <type>
                <REAL/>
              </type>
              <initialValue>
                <simpleValue value="10000.0"/>
              </initialValue>
            </variable>
          </localVars>
          <outputVars>
            <variable name="converted_temp">
              <type>
                <INT/>
              </type>
            </variable>
            <variable name="voltage_out">
              <type>
                <INT/>
              </type>
            </variable>
            <variable name="resistance_out">
              <type>
                <INT/>
              </type>
            </variable>
          </outputVars>
        </interface>
        <body>
          <ST>
            <xhtml:p><![CDATA[(* Calculate Voltage *)
voltage := UINT_TO_REAL(raw_temp);
voltage := voltage * 0.0001535107446;

(* Calculate Resistance *)
resistance := voltage / 10.0;
resistance := 1.0 / resistance;
resistance := resistance - 1.0;
resistance := resistance * 10000.0;


(* Calculate Steinhart *)
steinhart := resistance / THERMISTORNOMINAL; (* (R/Ro) *)
steinhart := LN(steinhart); (* ln(R/Ro) *)
steinhart := steinhart / BCOEFFICIENT; (* 1/B * ln(R/Ro) *)
steinhart := steinhart + 1.0 / (TEMPERATURENOMINAL + 273.15); (* (1/To) *)
steinhart := 1.0 / steinhart; (* Invert *)
steinhart := steinhart - 273.15; (* Convert to C *)

(* Calculate the error correction *)
steinhart := steinhart + 9.451149;
steinhart := steinhart / 0.894263;
steinhart := steinhart * 100.0; (* Multiply by 100 to get 2 decimals *)

voltage_out := REAL_TO_INT(voltage * 100.0);
resistance_out := REAL_TO_INT(resistance);
converted_temp := REAL_TO_INT(steinhart);

(*
voltage := UINT_TO_REAL(raw_temp);
voltage := 10000.0 / (65536.0 / voltage - 1.0);
voltage := voltage / 10000.0;
voltage := LN(voltage);
voltage := 1.0 / ((1.0/298.15) + (voltage * (1.0/3950.0)));
voltage := voltage - 273.15;
voltage := voltage * 100.0;
converted_temp := REAL_TO_INT(voltage);
*)
]]></xhtml:p>
          </ST>
        </body>
      </pou>
    </pous>
  </types>
  <instances>
    <configurations>
      <configuration name="Config0">
        <resource name="Res0">
          <task name="TaskMain" priority="0" interval="T#50ms">
            <pouInstance name="Inst0" typeName="My_Program"/>
          </task>
        </resource>
      </configuration>
    </configurations>
  </instances>
</project>
