{
   "graphicalViews":[
      {
         "user":"admin",
         "anonymousAccess":"NONE",
         "viewComponents":[
            {
               "type":"ANALOG_GRAPHIC",
               "dataPointXid":"DP_302655",
               "imageSet":"GreenThermo",
               "bkgdColorOverride":"",
               "displayControls":false,
               "displayText":false,
               "max":100.0,
               "min":20.0,
               "nameOverride":"",
               "settableOverride":false,
               "x":771,
               "y":194
            },
            {
               "type":"SCRIPT",
               "dataPointXid":"DP_302655",
               "bkgdColorOverride":"",
               "displayControls":false,
               "nameOverride":"",
               "script":"return(\"<p style='font-size:32px'>\" + parseFloat(value).toFixed(2)  + \" °C<\/p>\")",
               "settableOverride":false,
               "x":711,
               "y":314
            },
            {
               "type":"BINARY_GRAPHIC",
               "dataPointXid":"DP_772981",
               "imageSet":"Leds48",
               "bkgdColorOverride":"",
               "displayControls":false,
               "displayText":false,
               "nameOverride":"",
               "oneImageIndex":4,
               "settableOverride":false,
               "x":847,
               "y":420,
               "zeroImageIndex":3
            },
            {
               "type":"HTML",
               "content":"<p style='font-size:32px'>Heater: <\/p>",
               "x":710,
               "y":392
            },
            {
               "type":"SCRIPT",
               "dataPointXid":"DP_932684",
               "bkgdColorOverride":"",
               "displayControls":true,
               "nameOverride":"",
               "script":"return(\"<p style='font-size:32px'>Setpoint: \" + parseFloat(this.value).toFixed(0) + \" °C<\/p>\") ",
               "settableOverride":true,
               "x":688,
               "y":474
            },
            {
               "type":"SCRIPT",
               "dataPointXid":"DP_979533",
               "bkgdColorOverride":"",
               "displayControls":false,
               "nameOverride":"",
               "script":"if (value == 1)\n  return (\"<p style='font-size:32px'>Current Mode: Manual<\/p>\");\nelse if (value == 0)\n  return (\"<p style='font-size:32px'>Current Mode: Auto<\/p>\");",
               "settableOverride":false,
               "x":608,
               "y":551
            },
            {
               "type":"SCRIPT_BUTTON",
               "content":"<button onclick='mango.view.executeScript(\"SC_290169\");'><p style='font-size:32px; padding: 0px 30px'>Auto<\/p><\/button>",
               "scriptXid":"SC_290169",
               "text":"<p style='font-size:32px; padding: 0px 30px'>Auto<\/p>",
               "x":1072,
               "y":250
            },
            {
               "type":"SCRIPT_BUTTON",
               "content":"<button onclick='mango.view.executeScript(\"SC_256909\");'><p style='font-size:32px; padding: 0px 10px'>Manual<\/p><\/button>",
               "scriptXid":"SC_256909",
               "text":"<p style='font-size:32px; padding: 0px 10px'>Manual<\/p>",
               "x":1244,
               "y":251
            },
            {
               "type":"SCRIPT_BUTTON",
               "content":"<button onclick='mango.view.executeScript(\"SC_831503\");'><p style='font-size:24px'>Heater On<\/p><\/button>",
               "scriptXid":"SC_831503",
               "text":"<p style='font-size:24px'>Heater On<\/p>",
               "x":1080,
               "y":479
            },
            {
               "type":"SCRIPT_BUTTON",
               "content":"<button onclick='mango.view.executeScript(\"SC_586810\");'><p style='font-size:24px'>Heater Off<\/button>",
               "scriptXid":"SC_586810",
               "text":"<p style='font-size:24px'>Heater Off",
               "x":1254,
               "y":478
            }
         ],
         "sharingUsers":[
         ],
         "name":"Allen-Bradley",
         "xid":"GV_253705"
      },
      {
         "user":"admin",
         "anonymousAccess":"NONE",
         "viewComponents":[
            {
               "type":"ANALOG_GRAPHIC",
               "dataPointXid":"DP_302656",
               "imageSet":"GreenThermo",
               "bkgdColorOverride":"",
               "displayControls":false,
               "displayText":false,
               "max":100.0,
               "min":20.0,
               "nameOverride":"",
               "settableOverride":false,
               "x":771,
               "y":194
            },
            {
               "type":"SCRIPT",
               "dataPointXid":"DP_302656",
               "bkgdColorOverride":"",
               "displayControls":false,
               "nameOverride":"",
               "script":"return(\"<p style='font-size:32px'>\" + parseFloat(value).toFixed(2)  + \" °C<\/p>\")",
               "settableOverride":false,
               "x":711,
               "y":314
            },
            {
               "type":"BINARY_GRAPHIC",
               "dataPointXid":"DP_772982",
               "imageSet":"Leds48",
               "bkgdColorOverride":"",
               "displayControls":false,
               "displayText":false,
               "nameOverride":"",
               "oneImageIndex":4,
               "settableOverride":false,
               "x":847,
               "y":420,
               "zeroImageIndex":3
            },
            {
               "type":"HTML",
               "content":"<p style='font-size:32px'>Heater: <\/p>",
               "x":710,
               "y":392
            },
            {
               "type":"SCRIPT",
               "dataPointXid":"DP_932685",
               "bkgdColorOverride":"",
               "displayControls":true,
               "nameOverride":"",
               "script":"return(\"<p style='font-size:32px'>Setpoint: \" + parseFloat(this.value).toFixed(0) + \" °C<\/p>\") ",
               "settableOverride":true,
               "x":688,
               "y":474
            },
            {
               "type":"SCRIPT",
               "dataPointXid":"DP_979534",
               "bkgdColorOverride":"",
               "displayControls":false,
               "nameOverride":"",
               "script":"if (value == 1)\n  return (\"<p style='font-size:32px'>Current Mode: Manual<\/p>\");\nelse if (value == 0)\n  return (\"<p style='font-size:32px'>Current Mode: Auto<\/p>\");",
               "settableOverride":false,
               "x":608,
               "y":551
            },
            {
               "type":"SCRIPT_BUTTON",
               "content":"<button onclick='mango.view.executeScript(\"SC_290170\");'><p style='font-size:32px; padding: 0px 30px'>Auto<\/p><\/button>",
               "scriptXid":"SC_290170",
               "text":"<p style='font-size:32px; padding: 0px 30px'>Auto<\/p>",
               "x":1072,
               "y":250
            },
            {
               "type":"SCRIPT_BUTTON",
               "content":"<button onclick='mango.view.executeScript(\"SC_256910\");'><p style='font-size:32px; padding: 0px 10px'>Manual<\/p><\/button>",
               "scriptXid":"SC_256910",
               "text":"<p style='font-size:32px; padding: 0px 10px'>Manual<\/p>",
               "x":1244,
               "y":251
            },
            {
               "type":"SCRIPT_BUTTON",
               "content":"<button onclick='mango.view.executeScript(\"SC_831504\");'><p style='font-size:24px'>Heater On<\/p><\/button>",
               "scriptXid":"SC_831504",
               "text":"<p style='font-size:24px'>Heater On<\/p>",
               "x":1080,
               "y":479
            },
            {
               "type":"SCRIPT_BUTTON",
               "content":"<button onclick='mango.view.executeScript(\"SC_586811\");'><p style='font-size:24px'>Heater Off<\/button>",
               "scriptXid":"SC_586811",
               "text":"<p style='font-size:24px'>Heater Off",
               "x":1254,
               "y":478
            }
         ],
         "sharingUsers":[
         ],
         "name":"OpenPLC",
         "xid":"GV_253706"
      },
      {
         "user":"admin",
         "anonymousAccess":"NONE",
         "viewComponents":[
            {
               "type":"ANALOG_GRAPHIC",
               "dataPointXid":"DP_302657",
               "imageSet":"GreenThermo",
               "bkgdColorOverride":"",
               "displayControls":false,
               "displayText":false,
               "max":100.0,
               "min":20.0,
               "nameOverride":"",
               "settableOverride":false,
               "x":771,
               "y":194
            },
            {
               "type":"SCRIPT",
               "dataPointXid":"DP_302657",
               "bkgdColorOverride":"",
               "displayControls":false,
               "nameOverride":"",
               "script":"return(\"<p style='font-size:32px'>\" + parseFloat(value).toFixed(2)  + \" °C<\/p>\")",
               "settableOverride":false,
               "x":711,
               "y":314
            },
            {
               "type":"BINARY_GRAPHIC",
               "dataPointXid":"DP_772983",
               "imageSet":"Leds48",
               "bkgdColorOverride":"",
               "displayControls":false,
               "displayText":false,
               "nameOverride":"",
               "oneImageIndex":4,
               "settableOverride":false,
               "x":847,
               "y":420,
               "zeroImageIndex":3
            },
            {
               "type":"HTML",
               "content":"<p style='font-size:32px'>Heater: <\/p>",
               "x":710,
               "y":392
            },
            {
               "type":"SCRIPT",
               "dataPointXid":"DP_932686",
               "bkgdColorOverride":"",
               "displayControls":true,
               "nameOverride":"",
               "script":"return(\"<p style='font-size:32px'>Setpoint: \" + parseFloat(this.value).toFixed(0) + \" °C<\/p>\") ",
               "settableOverride":true,
               "x":688,
               "y":474
            },
            {
               "type":"SCRIPT",
               "dataPointXid":"DP_979535",
               "bkgdColorOverride":"",
               "displayControls":false,
               "nameOverride":"",
               "script":"if (value == 1)\n  return (\"<p style='font-size:32px'>Current Mode: Manual<\/p>\");\nelse if (value == 0)\n  return (\"<p style='font-size:32px'>Current Mode: Auto<\/p>\");",
               "settableOverride":false,
               "x":608,
               "y":551
            },
            {
               "type":"SCRIPT_BUTTON",
               "content":"<button onclick='mango.view.executeScript(\"SC_290171\");'><p style='font-size:32px; padding: 0px 30px'>Auto<\/p><\/button>",
               "scriptXid":"SC_290171",
               "text":"<p style='font-size:32px; padding: 0px 30px'>Auto<\/p>",
               "x":1072,
               "y":250
            },
            {
               "type":"SCRIPT_BUTTON",
               "content":"<button onclick='mango.view.executeScript(\"SC_256911\");'><p style='font-size:32px; padding: 0px 10px'>Manual<\/p><\/button>",
               "scriptXid":"SC_256911",
               "text":"<p style='font-size:32px; padding: 0px 10px'>Manual<\/p>",
               "x":1244,
               "y":251
            },
            {
               "type":"SCRIPT_BUTTON",
               "content":"<button onclick='mango.view.executeScript(\"SC_831505\");'><p style='font-size:24px'>Heater On<\/p><\/button>",
               "scriptXid":"SC_831505",
               "text":"<p style='font-size:24px'>Heater On<\/p>",
               "x":1080,
               "y":479
            },
            {
               "type":"SCRIPT_BUTTON",
               "content":"<button onclick='mango.view.executeScript(\"SC_586812\");'><p style='font-size:24px'>Heater Off<\/button>",
               "scriptXid":"SC_586812",
               "text":"<p style='font-size:24px'>Heater Off",
               "x":1254,
               "y":478
            }
         ],
         "sharingUsers":[
         ],
         "name":"Modicon",
         "xid":"GV_253707"
      },
      {
         "user":"admin",
         "anonymousAccess":"NONE",
         "viewComponents":[
            {
               "type":"ANALOG_GRAPHIC",
               "dataPointXid":"DP_302656",
               "imageSet":"GreenThermo",
               "bkgdColorOverride":"",
               "displayControls":false,
               "displayText":false,
               "max":100.0,
               "min":0.0,
               "nameOverride":"",
               "settableOverride":false,
               "x":436,
               "y":155
            },
            {
               "type":"SCRIPT",
               "dataPointXid":"DP_302656",
               "bkgdColorOverride":"",
               "displayControls":false,
               "nameOverride":"",
               "script":"return \"<h1>\" + parseFloat(this.value).toFixed(2) + \" °C<\/h1>\"",
               "settableOverride":false,
               "x":755,
               "y":131
            },
            {
               "type":"SCRIPT",
               "dataPointXid":"DP_772982",
               "bkgdColorOverride":"",
               "displayControls":false,
               "nameOverride":"",
               "script":"if (value == 1)\n{\n    return \"<h1><font color='#28B463'>ON<\/font><\/h1>\"\n}\nelse\n{\n    return \"<h1><font color='red'>OFF<\/font><\/h1>\"\n}",
               "settableOverride":false,
               "x":682,
               "y":197
            },
            {
               "type":"SCRIPT",
               "dataPointXid":"DP_932685",
               "bkgdColorOverride":"",
               "displayControls":true,
               "nameOverride":"",
               "script":"return \"<h1>\" + parseFloat(this.value).toFixed(2) + \" °C<\/h1>\"",
               "settableOverride":true,
               "x":701,
               "y":258
            },
            {
               "type":"SCRIPT",
               "dataPointXid":"DP_979534",
               "bkgdColorOverride":"",
               "displayControls":false,
               "nameOverride":"",
               "script":"if (value == 0)\n{\n    return \"<h1>Auto<\/h1>\"\n}\nelse\n{\n    return \"<h1>Manual<\/h1>\"\n}",
               "settableOverride":false,
               "x":1204,
               "y":284
            },
            {
               "type":"SCRIPT_BUTTON",
               "content":"<button onclick='mango.view.executeScript(\"SC_290170\");'><p style='font-size:32px; padding: 0px 30px'>Auto<\/p><\/button>",
               "scriptXid":"SC_290170",
               "text":"<p style='font-size:32px; padding: 0px 30px'>Auto<\/p>",
               "x":1079,
               "y":168
            },
            {
               "type":"SCRIPT_BUTTON",
               "content":"<button onclick='mango.view.executeScript(\"SC_256910\");'><p style='font-size:32px; padding: 0px 10px'>Manual<\/p><\/button>",
               "scriptXid":"SC_256910",
               "text":"<p style='font-size:32px; padding: 0px 10px'>Manual<\/p>",
               "x":1263,
               "y":168
            },
            {
               "type":"SCRIPT_BUTTON",
               "content":"<button onclick='mango.view.executeScript(\"SC_831504\");'><p style='font-size:24px'>Heater On<\/p><\/button>",
               "scriptXid":"SC_831504",
               "text":"<p style='font-size:24px'>Heater On<\/p>",
               "x":1524,
               "y":182
            },
            {
               "type":"SCRIPT_BUTTON",
               "content":"<button onclick='mango.view.executeScript(\"SC_586811\");'><p style='font-size:24px'>Heater Off<\/button>",
               "scriptXid":"SC_586811",
               "text":"<p style='font-size:24px'>Heater Off",
               "x":1697,
               "y":181
            },
            {
               "type":"ANALOG_GRAPHIC",
               "dataPointXid":"DP_302655",
               "imageSet":"GreenThermo",
               "bkgdColorOverride":"",
               "displayControls":false,
               "displayText":false,
               "max":100.0,
               "min":0.0,
               "nameOverride":"",
               "settableOverride":false,
               "x":435,
               "y":450
            },
            {
               "type":"ANALOG_GRAPHIC",
               "dataPointXid":"DP_302657",
               "imageSet":"GreenThermo",
               "bkgdColorOverride":"",
               "displayControls":false,
               "displayText":false,
               "max":100.0,
               "min":0.0,
               "nameOverride":"",
               "settableOverride":false,
               "x":434,
               "y":744
            },
            {
               "type":"SCRIPT",
               "dataPointXid":"DP_302655",
               "bkgdColorOverride":"",
               "displayControls":false,
               "nameOverride":"",
               "script":"return \"<h1>\" + parseFloat(this.value).toFixed(2) + \" °C<\/h1>\"",
               "settableOverride":false,
               "x":756,
               "y":421
            },
            {
               "type":"SCRIPT",
               "dataPointXid":"DP_772981",
               "bkgdColorOverride":"",
               "displayControls":false,
               "nameOverride":"",
               "script":"if (value == 1)\n{\n    return \"<h1><font color='#28B463'>ON<\/font><\/h1>\"\n}\nelse\n{\n    return \"<h1><font color='red'>OFF<\/font><\/h1>\"\n}",
               "settableOverride":false,
               "x":681,
               "y":486
            },
            {
               "type":"SCRIPT",
               "dataPointXid":"DP_932684",
               "bkgdColorOverride":"",
               "displayControls":true,
               "nameOverride":"",
               "script":"return \"<h1>\" + parseFloat(this.value).toFixed(2) + \" °C<\/h1>\"",
               "settableOverride":true,
               "x":703,
               "y":549
            },
            {
               "type":"SCRIPT",
               "dataPointXid":"DP_302657",
               "bkgdColorOverride":"",
               "displayControls":false,
               "nameOverride":"",
               "script":"return \"<h1>\" + parseFloat(this.value).toFixed(2) + \" °C<\/h1>\"",
               "settableOverride":false,
               "x":754,
               "y":721
            },
            {
               "type":"SCRIPT",
               "dataPointXid":"DP_772983",
               "bkgdColorOverride":"",
               "displayControls":false,
               "nameOverride":"",
               "script":"if (value == 1)\n{\n    return \"<h1><font color='#28B463'>ON<\/font><\/h1>\"\n}\nelse\n{\n    return \"<h1><font color='red'>OFF<\/font><\/h1>\"\n}",
               "settableOverride":false,
               "x":683,
               "y":786
            },
            {
               "type":"SCRIPT",
               "dataPointXid":"DP_932686",
               "bkgdColorOverride":"",
               "displayControls":true,
               "nameOverride":"",
               "script":"return \"<h1>\" + parseFloat(this.value).toFixed(2) + \" °C<\/h1>\"",
               "settableOverride":true,
               "x":701,
               "y":849
            },
            {
               "type":"SCRIPT_BUTTON",
               "content":"<button onclick='mango.view.executeScript(\"SC_290169\");'><p style='font-size:32px; padding: 0px 30px'>Auto<\/p><\/button>",
               "scriptXid":"SC_290169",
               "text":"<p style='font-size:32px; padding: 0px 30px'>Auto<\/p>",
               "x":1077,
               "y":463
            },
            {
               "type":"SCRIPT_BUTTON",
               "content":"<button onclick='mango.view.executeScript(\"SC_256909\");'><p style='font-size:32px; padding: 0px 10px'>Manual<\/p><\/button>",
               "scriptXid":"SC_256909",
               "text":"<p style='font-size:32px; padding: 0px 10px'>Manual<\/p>",
               "x":1261,
               "y":462
            },
            {
               "type":"SCRIPT_BUTTON",
               "content":"<button onclick='mango.view.executeScript(\"SC_831503\");'><p style='font-size:24px'>Heater On<\/p><\/button>",
               "scriptXid":"SC_831503",
               "text":"<p style='font-size:24px'>Heater On<\/p>",
               "x":1525,
               "y":474
            },
            {
               "type":"SCRIPT_BUTTON",
               "content":"<button onclick='mango.view.executeScript(\"SC_586810\");'><p style='font-size:24px'>Heater Off<\/button>",
               "scriptXid":"SC_586810",
               "text":"<p style='font-size:24px'>Heater Off",
               "x":1699,
               "y":474
            },
            {
               "type":"SCRIPT_BUTTON",
               "content":"<button onclick='mango.view.executeScript(\"SC_290171\");'><p style='font-size:32px; padding: 0px 30px'>Auto<\/p><\/button>",
               "scriptXid":"SC_290171",
               "text":"<p style='font-size:32px; padding: 0px 30px'>Auto<\/p>",
               "x":1077,
               "y":759
            },
            {
               "type":"SCRIPT_BUTTON",
               "content":"<button onclick='mango.view.executeScript(\"SC_586812\");'><p style='font-size:24px'>Heater Off<\/button>",
               "scriptXid":"SC_586812",
               "text":"<p style='font-size:24px'>Heater Off",
               "x":1702,
               "y":773
            },
            {
               "type":"SCRIPT_BUTTON",
               "content":"<button onclick='mango.view.executeScript(\"SC_831505\");'><p style='font-size:24px'>Heater On<\/p><\/button>",
               "scriptXid":"SC_831505",
               "text":"<p style='font-size:24px'>Heater On<\/p>",
               "x":1523,
               "y":773
            },
            {
               "type":"SCRIPT_BUTTON",
               "content":"<button onclick='mango.view.executeScript(\"SC_256911\");'><p style='font-size:32px; padding: 0px 10px'>Manual<\/p><\/button>",
               "scriptXid":"SC_256911",
               "text":"<p style='font-size:32px; padding: 0px 10px'>Manual<\/p>",
               "x":1263,
               "y":759
            },
            {
               "type":"SCRIPT",
               "dataPointXid":"DP_979533",
               "bkgdColorOverride":"",
               "displayControls":false,
               "nameOverride":"",
               "script":"if (value == 0)\n{\n    return \"<h1>Auto<\/h1>\"\n}\nelse\n{\n    return \"<h1>Manual<\/h1>\"\n}",
               "settableOverride":false,
               "x":1204,
               "y":581
            },
            {
               "type":"SCRIPT",
               "dataPointXid":"DP_979535",
               "bkgdColorOverride":"",
               "displayControls":false,
               "nameOverride":"",
               "script":"if (value == 0)\n{\n    return \"<h1>Auto<\/h1>\"\n}\nelse\n{\n    return \"<h1>Manual<\/h1>\"\n}",
               "settableOverride":false,
               "x":1204,
               "y":875
            }
         ],
         "sharingUsers":[
         ],
         "name":"All_devices",
         "xid":"GV_866293"
      }
   ],
   "dataSources":[
      {
         "xid":"DS_347648",
         "type":"MODBUS_IP",
         "alarmLevels":{
            "DATA_SOURCE_EXCEPTION":"URGENT",
            "POINT_READ_EXCEPTION":"URGENT",
            "POINT_WRITE_EXCEPTION":"URGENT"
         },
         "updatePeriodType":"MILLISECONDS",
         "transportType":"TCP_KEEP_ALIVE",
         "contiguousBatches":false,
         "createSlaveMonitorPoints":false,
         "enabled":true,
         "encapsulated":false,
         "host":"100.100.100.101",
         "maxReadBitCount":2000,
         "maxReadRegisterCount":125,
         "maxWriteRegisterCount":120,
         "name":"Allen-Bradley",
         "port":502,
         "quantize":false,
         "retries":2,
         "timeout":500,
         "updatePeriods":500
      },
      {
         "xid":"DS_347650",
         "type":"MODBUS_IP",
         "alarmLevels":{
            "DATA_SOURCE_EXCEPTION":"URGENT",
            "POINT_READ_EXCEPTION":"URGENT",
            "POINT_WRITE_EXCEPTION":"URGENT"
         },
         "updatePeriodType":"MILLISECONDS",
         "transportType":"TCP_KEEP_ALIVE",
         "contiguousBatches":false,
         "createSlaveMonitorPoints":false,
         "enabled":true,
         "encapsulated":false,
         "host":"100.100.100.102",
         "maxReadBitCount":2000,
         "maxReadRegisterCount":125,
         "maxWriteRegisterCount":120,
         "name":"Modicon",
         "port":502,
         "quantize":false,
         "retries":2,
         "timeout":500,
         "updatePeriods":500
      },
      {
         "xid":"DS_347649",
         "type":"MODBUS_IP",
         "alarmLevels":{
            "DATA_SOURCE_EXCEPTION":"URGENT",
            "POINT_READ_EXCEPTION":"URGENT",
            "POINT_WRITE_EXCEPTION":"URGENT"
         },
         "updatePeriodType":"MILLISECONDS",
         "transportType":"TCP_KEEP_ALIVE",
         "contiguousBatches":false,
         "createSlaveMonitorPoints":false,
         "enabled":true,
         "encapsulated":false,
         "host":"100.100.100.100",
         "maxReadBitCount":2000,
         "maxReadRegisterCount":125,
         "maxWriteRegisterCount":120,
         "name":"OpenPLC",
         "port":502,
         "quantize":false,
         "retries":2,
         "timeout":500,
         "updatePeriods":500
      }
   ],
   "dataPoints":[
      {
         "xid":"DP_302655",
         "loggingType":"ON_CHANGE",
         "intervalLoggingPeriodType":"MINUTES",
         "intervalLoggingType":"INSTANT",
         "purgeType":"YEARS",
         "pointLocator":{
            "range":"HOLDING_REGISTER",
            "modbusDataType":"TWO_BYTE_INT_SIGNED",
            "additive":0.0,
            "bit":0,
            "charset":"ASCII",
            "multiplier":0.01,
            "offset":1,
            "registerCount":0,
            "settableOverride":false,
            "slaveId":1,
            "slaveMonitor":false
         },
         "eventDetectors":[
         ],
         "engineeringUnits":"",
         "chartColour":null,
         "chartRenderer":null,
         "dataSourceXid":"DS_347648",
         "defaultCacheSize":1,
         "deviceName":"OpenPLC",
         "discardExtremeValues":false,
         "discardHighLimit":1.7976931348623157E308,
         "discardLowLimit":-1.7976931348623157E308,
         "enabled":true,
         "intervalLoggingPeriod":15,
         "name":"Temperature",
         "purgePeriod":1,
         "textRenderer":{
            "type":"PLAIN",
            "suffix":""
         },
         "tolerance":0.0
      },
      {
         "xid":"DP_932684",
         "loggingType":"ON_CHANGE",
         "intervalLoggingPeriodType":"MINUTES",
         "intervalLoggingType":"INSTANT",
         "purgeType":"YEARS",
         "pointLocator":{
            "range":"HOLDING_REGISTER",
            "modbusDataType":"TWO_BYTE_INT_SIGNED",
            "additive":0.0,
            "bit":0,
            "charset":"ASCII",
            "multiplier":0.01,
            "offset":2,
            "registerCount":0,
            "settableOverride":true,
            "slaveId":1,
            "slaveMonitor":false
         },
         "eventDetectors":[
         ],
         "engineeringUnits":"",
         "chartColour":null,
         "chartRenderer":null,
         "dataSourceXid":"DS_347648",
         "defaultCacheSize":1,
         "deviceName":"OpenPLC",
         "discardExtremeValues":false,
         "discardHighLimit":1.7976931348623157E308,
         "discardLowLimit":-1.7976931348623157E308,
         "enabled":true,
         "intervalLoggingPeriod":15,
         "name":"Setpoint",
         "purgePeriod":1,
         "textRenderer":{
            "type":"PLAIN",
            "suffix":""
         },
         "tolerance":0.0
      },
      {
         "xid":"DP_979533",
         "loggingType":"ON_CHANGE",
         "intervalLoggingPeriodType":"MINUTES",
         "intervalLoggingType":"INSTANT",
         "purgeType":"YEARS",
         "pointLocator":{
            "range":"HOLDING_REGISTER",
            "modbusDataType":"TWO_BYTE_INT_SIGNED",
            "additive":0.0,
            "bit":0,
            "charset":"ASCII",
            "multiplier":1.0,
            "offset":4,
            "registerCount":0,
            "settableOverride":true,
            "slaveId":1,
            "slaveMonitor":false
         },
         "eventDetectors":[
         ],
         "engineeringUnits":"",
         "chartColour":null,
         "chartRenderer":null,
         "dataSourceXid":"DS_347648",
         "defaultCacheSize":1,
         "deviceName":"OpenPLC",
         "discardExtremeValues":false,
         "discardHighLimit":1.7976931348623157E308,
         "discardLowLimit":-1.7976931348623157E308,
         "enabled":true,
         "intervalLoggingPeriod":15,
         "name":"Mode",
         "purgePeriod":1,
         "textRenderer":{
            "type":"PLAIN",
            "suffix":""
         },
         "tolerance":0.0
      },
      {
         "xid":"DP_982580",
         "loggingType":"ON_CHANGE",
         "intervalLoggingPeriodType":"MINUTES",
         "intervalLoggingType":"INSTANT",
         "purgeType":"YEARS",
         "pointLocator":{
            "range":"HOLDING_REGISTER",
            "modbusDataType":"TWO_BYTE_INT_SIGNED",
            "additive":0.0,
            "bit":0,
            "charset":"ASCII",
            "multiplier":1.0,
            "offset":5,
            "registerCount":0,
            "settableOverride":true,
            "slaveId":1,
            "slaveMonitor":false
         },
         "eventDetectors":[
         ],
         "engineeringUnits":"",
         "chartColour":null,
         "chartRenderer":null,
         "dataSourceXid":"DS_347648",
         "defaultCacheSize":1,
         "deviceName":"OpenPLC",
         "discardExtremeValues":false,
         "discardHighLimit":1.7976931348623157E308,
         "discardLowLimit":-1.7976931348623157E308,
         "enabled":true,
         "intervalLoggingPeriod":15,
         "name":"Heater_control",
         "purgePeriod":1,
         "textRenderer":{
            "type":"PLAIN",
            "suffix":""
         },
         "tolerance":0.0
      },
      {
         "xid":"DP_772981",
         "loggingType":"ON_CHANGE",
         "intervalLoggingPeriodType":"MINUTES",
         "intervalLoggingType":"INSTANT",
         "purgeType":"YEARS",
         "pointLocator":{
            "range":"COIL_STATUS",
            "modbusDataType":"BINARY",
            "additive":0.0,
            "bit":0,
            "charset":"ASCII",
            "multiplier":1.0,
            "offset":0,
            "registerCount":0,
            "settableOverride":false,
            "slaveId":1,
            "slaveMonitor":false
         },
         "eventDetectors":[
         ],
         "engineeringUnits":"",
         "chartColour":null,
         "chartRenderer":null,
         "dataSourceXid":"DS_347648",
         "defaultCacheSize":1,
         "deviceName":"OpenPLC",
         "discardExtremeValues":false,
         "discardHighLimit":1.7976931348623157E308,
         "discardLowLimit":-1.7976931348623157E308,
         "enabled":true,
         "intervalLoggingPeriod":15,
         "name":"Heater",
         "purgePeriod":1,
         "textRenderer":{
            "type":"PLAIN",
            "suffix":""
         },
         "tolerance":0.0
      },
      {
         "xid":"DP_302656",
         "loggingType":"ON_CHANGE",
         "intervalLoggingPeriodType":"MINUTES",
         "intervalLoggingType":"INSTANT",
         "purgeType":"YEARS",
         "pointLocator":{
            "range":"HOLDING_REGISTER",
            "modbusDataType":"TWO_BYTE_INT_SIGNED",
            "additive":0.0,
            "bit":0,
            "charset":"ASCII",
            "multiplier":0.01,
            "offset":1,
            "registerCount":0,
            "settableOverride":false,
            "slaveId":1,
            "slaveMonitor":false
         },
         "eventDetectors":[
         ],
         "engineeringUnits":"",
         "chartColour":null,
         "chartRenderer":null,
         "dataSourceXid":"DS_347649",
         "defaultCacheSize":1,
         "deviceName":"OpenPLC",
         "discardExtremeValues":false,
         "discardHighLimit":1.7976931348623157E308,
         "discardLowLimit":-1.7976931348623157E308,
         "enabled":true,
         "intervalLoggingPeriod":15,
         "name":"Temperature",
         "purgePeriod":1,
         "textRenderer":{
            "type":"PLAIN",
            "suffix":""
         },
         "tolerance":0.0
      },
      {
         "xid":"DP_932685",
         "loggingType":"ON_CHANGE",
         "intervalLoggingPeriodType":"MINUTES",
         "intervalLoggingType":"INSTANT",
         "purgeType":"YEARS",
         "pointLocator":{
            "range":"HOLDING_REGISTER",
            "modbusDataType":"TWO_BYTE_INT_SIGNED",
            "additive":0.0,
            "bit":0,
            "charset":"ASCII",
            "multiplier":0.01,
            "offset":2,
            "registerCount":0,
            "settableOverride":true,
            "slaveId":1,
            "slaveMonitor":false
         },
         "eventDetectors":[
         ],
         "engineeringUnits":"",
         "chartColour":null,
         "chartRenderer":null,
         "dataSourceXid":"DS_347649",
         "defaultCacheSize":1,
         "deviceName":"OpenPLC",
         "discardExtremeValues":false,
         "discardHighLimit":1.7976931348623157E308,
         "discardLowLimit":-1.7976931348623157E308,
         "enabled":true,
         "intervalLoggingPeriod":15,
         "name":"Setpoint",
         "purgePeriod":1,
         "textRenderer":{
            "type":"PLAIN",
            "suffix":""
         },
         "tolerance":0.0
      },
      {
         "xid":"DP_979534",
         "loggingType":"ON_CHANGE",
         "intervalLoggingPeriodType":"MINUTES",
         "intervalLoggingType":"INSTANT",
         "purgeType":"YEARS",
         "pointLocator":{
            "range":"HOLDING_REGISTER",
            "modbusDataType":"TWO_BYTE_INT_SIGNED",
            "additive":0.0,
            "bit":0,
            "charset":"ASCII",
            "multiplier":1.0,
            "offset":4,
            "registerCount":0,
            "settableOverride":true,
            "slaveId":1,
            "slaveMonitor":false
         },
         "eventDetectors":[
         ],
         "engineeringUnits":"",
         "chartColour":null,
         "chartRenderer":null,
         "dataSourceXid":"DS_347649",
         "defaultCacheSize":1,
         "deviceName":"OpenPLC",
         "discardExtremeValues":false,
         "discardHighLimit":1.7976931348623157E308,
         "discardLowLimit":-1.7976931348623157E308,
         "enabled":true,
         "intervalLoggingPeriod":15,
         "name":"Mode",
         "purgePeriod":1,
         "textRenderer":{
            "type":"PLAIN",
            "suffix":""
         },
         "tolerance":0.0
      },
      {
         "xid":"DP_982581",
         "loggingType":"ON_CHANGE",
         "intervalLoggingPeriodType":"MINUTES",
         "intervalLoggingType":"INSTANT",
         "purgeType":"YEARS",
         "pointLocator":{
            "range":"HOLDING_REGISTER",
            "modbusDataType":"TWO_BYTE_INT_SIGNED",
            "additive":0.0,
            "bit":0,
            "charset":"ASCII",
            "multiplier":1.0,
            "offset":5,
            "registerCount":0,
            "settableOverride":true,
            "slaveId":1,
            "slaveMonitor":false
         },
         "eventDetectors":[
         ],
         "engineeringUnits":"",
         "chartColour":null,
         "chartRenderer":null,
         "dataSourceXid":"DS_347649",
         "defaultCacheSize":1,
         "deviceName":"OpenPLC",
         "discardExtremeValues":false,
         "discardHighLimit":1.7976931348623157E308,
         "discardLowLimit":-1.7976931348623157E308,
         "enabled":true,
         "intervalLoggingPeriod":15,
         "name":"Heater_control",
         "purgePeriod":1,
         "textRenderer":{
            "type":"PLAIN",
            "suffix":""
         },
         "tolerance":0.0
      },
      {
         "xid":"DP_772982",
         "loggingType":"ON_CHANGE",
         "intervalLoggingPeriodType":"MINUTES",
         "intervalLoggingType":"INSTANT",
         "purgeType":"YEARS",
         "pointLocator":{
            "range":"COIL_STATUS",
            "modbusDataType":"BINARY",
            "additive":0.0,
            "bit":0,
            "charset":"ASCII",
            "multiplier":1.0,
            "offset":0,
            "registerCount":0,
            "settableOverride":false,
            "slaveId":1,
            "slaveMonitor":false
         },
         "eventDetectors":[
         ],
         "engineeringUnits":"",
         "chartColour":null,
         "chartRenderer":null,
         "dataSourceXid":"DS_347649",
         "defaultCacheSize":1,
         "deviceName":"OpenPLC",
         "discardExtremeValues":false,
         "discardHighLimit":1.7976931348623157E308,
         "discardLowLimit":-1.7976931348623157E308,
         "enabled":true,
         "intervalLoggingPeriod":15,
         "name":"Heater",
         "purgePeriod":1,
         "textRenderer":{
            "type":"PLAIN",
            "suffix":""
         },
         "tolerance":0.0
      },
      {
         "xid":"DP_302657",
         "loggingType":"ON_CHANGE",
         "intervalLoggingPeriodType":"MINUTES",
         "intervalLoggingType":"INSTANT",
         "purgeType":"YEARS",
         "pointLocator":{
            "range":"HOLDING_REGISTER",
            "modbusDataType":"TWO_BYTE_INT_SIGNED",
            "additive":0.0,
            "bit":0,
            "charset":"ASCII",
            "multiplier":0.01,
            "offset":1,
            "registerCount":0,
            "settableOverride":false,
            "slaveId":1,
            "slaveMonitor":false
         },
         "eventDetectors":[
         ],
         "engineeringUnits":"",
         "chartColour":null,
         "chartRenderer":null,
         "dataSourceXid":"DS_347650",
         "defaultCacheSize":1,
         "deviceName":"Modicon",
         "discardExtremeValues":false,
         "discardHighLimit":1.7976931348623157E308,
         "discardLowLimit":-1.7976931348623157E308,
         "enabled":true,
         "intervalLoggingPeriod":15,
         "name":"Temperature",
         "purgePeriod":1,
         "textRenderer":{
            "type":"PLAIN",
            "suffix":""
         },
         "tolerance":0.0
      },
      {
         "xid":"DP_932686",
         "loggingType":"ON_CHANGE",
         "intervalLoggingPeriodType":"MINUTES",
         "intervalLoggingType":"INSTANT",
         "purgeType":"YEARS",
         "pointLocator":{
            "range":"HOLDING_REGISTER",
            "modbusDataType":"TWO_BYTE_INT_SIGNED",
            "additive":0.0,
            "bit":0,
            "charset":"ASCII",
            "multiplier":0.01,
            "offset":2,
            "registerCount":0,
            "settableOverride":true,
            "slaveId":1,
            "slaveMonitor":false
         },
         "eventDetectors":[
         ],
         "engineeringUnits":"",
         "chartColour":null,
         "chartRenderer":null,
         "dataSourceXid":"DS_347650",
         "defaultCacheSize":1,
         "deviceName":"Modicon",
         "discardExtremeValues":false,
         "discardHighLimit":1.7976931348623157E308,
         "discardLowLimit":-1.7976931348623157E308,
         "enabled":true,
         "intervalLoggingPeriod":15,
         "name":"Setpoint",
         "purgePeriod":1,
         "textRenderer":{
            "type":"PLAIN",
            "suffix":""
         },
         "tolerance":0.0
      },
      {
         "xid":"DP_979535",
         "loggingType":"ON_CHANGE",
         "intervalLoggingPeriodType":"MINUTES",
         "intervalLoggingType":"INSTANT",
         "purgeType":"YEARS",
         "pointLocator":{
            "range":"HOLDING_REGISTER",
            "modbusDataType":"TWO_BYTE_INT_SIGNED",
            "additive":0.0,
            "bit":0,
            "charset":"ASCII",
            "multiplier":1.0,
            "offset":4,
            "registerCount":0,
            "settableOverride":true,
            "slaveId":1,
            "slaveMonitor":false
         },
         "eventDetectors":[
         ],
         "engineeringUnits":"",
         "chartColour":null,
         "chartRenderer":null,
         "dataSourceXid":"DS_347650",
         "defaultCacheSize":1,
         "deviceName":"Modicon",
         "discardExtremeValues":false,
         "discardHighLimit":1.7976931348623157E308,
         "discardLowLimit":-1.7976931348623157E308,
         "enabled":true,
         "intervalLoggingPeriod":15,
         "name":"Mode",
         "purgePeriod":1,
         "textRenderer":{
            "type":"PLAIN",
            "suffix":""
         },
         "tolerance":0.0
      },
      {
         "xid":"DP_982582",
         "loggingType":"ON_CHANGE",
         "intervalLoggingPeriodType":"MINUTES",
         "intervalLoggingType":"INSTANT",
         "purgeType":"YEARS",
         "pointLocator":{
            "range":"HOLDING_REGISTER",
            "modbusDataType":"TWO_BYTE_INT_SIGNED",
            "additive":0.0,
            "bit":0,
            "charset":"ASCII",
            "multiplier":1.0,
            "offset":5,
            "registerCount":0,
            "settableOverride":true,
            "slaveId":1,
            "slaveMonitor":false
         },
         "eventDetectors":[
         ],
         "engineeringUnits":"",
         "chartColour":null,
         "chartRenderer":null,
         "dataSourceXid":"DS_347650",
         "defaultCacheSize":1,
         "deviceName":"Modicon",
         "discardExtremeValues":false,
         "discardHighLimit":1.7976931348623157E308,
         "discardLowLimit":-1.7976931348623157E308,
         "enabled":true,
         "intervalLoggingPeriod":15,
         "name":"Heater_control",
         "purgePeriod":1,
         "textRenderer":{
            "type":"PLAIN",
            "suffix":""
         },
         "tolerance":0.0
      },
      {
         "xid":"DP_772983",
         "loggingType":"ON_CHANGE",
         "intervalLoggingPeriodType":"MINUTES",
         "intervalLoggingType":"INSTANT",
         "purgeType":"YEARS",
         "pointLocator":{
            "range":"COIL_STATUS",
            "modbusDataType":"BINARY",
            "additive":0.0,
            "bit":0,
            "charset":"ASCII",
            "multiplier":1.0,
            "offset":0,
            "registerCount":0,
            "settableOverride":false,
            "slaveId":1,
            "slaveMonitor":false
         },
         "eventDetectors":[
         ],
         "engineeringUnits":"",
         "chartColour":null,
         "chartRenderer":null,
         "dataSourceXid":"DS_347650",
         "defaultCacheSize":1,
         "deviceName":"Modicon",
         "discardExtremeValues":false,
         "discardHighLimit":1.7976931348623157E308,
         "discardLowLimit":-1.7976931348623157E308,
         "enabled":true,
         "intervalLoggingPeriod":15,
         "name":"Heater",
         "purgePeriod":1,
         "textRenderer":{
            "type":"PLAIN",
            "suffix":""
         },
         "tolerance":0.0
      }
   ],
   "scripts":[
      {
         "type":"CONTEXTUALIZED_SCRIPT",
         "user":"admin",
         "pointsOnContext":[
         ],
         "objectsOnContext":[
            {
               "varName":"heater",
               "objectId":2
            }
         ],
         "name":"Heater_mode_auto",
         "script":"heater.writeDataPoint('DP_979533',0);",
         "xid":"SC_290169"
      },
      {
         "type":"CONTEXTUALIZED_SCRIPT",
         "user":"admin",
         "pointsOnContext":[
         ],
         "objectsOnContext":[
            {
               "varName":"heater",
               "objectId":2
            }
         ],
         "name":"Heater_mode_man",
         "script":"heater.writeDataPoint('DP_979533',1);",
         "xid":"SC_256909"
      },
      {
         "type":"CONTEXTUALIZED_SCRIPT",
         "user":"admin",
         "pointsOnContext":[
         ],
         "objectsOnContext":[
            {
               "varName":"heater",
               "objectId":2
            }
         ],
         "name":"Heater_on",
         "script":"heater.writeDataPoint('DP_982580',1);",
         "xid":"SC_831503"
      },
      {
         "type":"CONTEXTUALIZED_SCRIPT",
         "user":"admin",
         "pointsOnContext":[
         ],
         "objectsOnContext":[
            {
               "varName":"heater",
               "objectId":2
            }
         ],
         "name":"Heater_off",
         "script":"heater.writeDataPoint('DP_982580',0);",
         "xid":"SC_586810"
      },
      {
         "type":"CONTEXTUALIZED_SCRIPT",
         "user":"admin",
         "pointsOnContext":[
         ],
         "objectsOnContext":[
            {
               "varName":"heater",
               "objectId":2
            }
         ],
         "name":"Heater_mode_auto",
         "script":"heater.writeDataPoint('DP_979534',0);",
         "xid":"SC_290170"
      },
      {
         "type":"CONTEXTUALIZED_SCRIPT",
         "user":"admin",
         "pointsOnContext":[
         ],
         "objectsOnContext":[
            {
               "varName":"heater",
               "objectId":2
            }
         ],
         "name":"Heater_mode_man",
         "script":"heater.writeDataPoint('DP_979534',1);",
         "xid":"SC_256910"
      },
      {
         "type":"CONTEXTUALIZED_SCRIPT",
         "user":"admin",
         "pointsOnContext":[
         ],
         "objectsOnContext":[
            {
               "varName":"heater",
               "objectId":2
            }
         ],
         "name":"Heater_on",
         "script":"heater.writeDataPoint('DP_982581',1);",
         "xid":"SC_831504"
      },
      {
         "type":"CONTEXTUALIZED_SCRIPT",
         "user":"admin",
         "pointsOnContext":[
         ],
         "objectsOnContext":[
            {
               "varName":"heater",
               "objectId":2
            }
         ],
         "name":"Heater_off",
         "script":"heater.writeDataPoint('DP_982581',0);",
         "xid":"SC_586811"
      },
      {
         "type":"CONTEXTUALIZED_SCRIPT",
         "user":"admin",
         "pointsOnContext":[
         ],
         "objectsOnContext":[
            {
               "varName":"heater",
               "objectId":2
            }
         ],
         "name":"Heater_mode_auto",
         "script":"heater.writeDataPoint('DP_979535',0);",
         "xid":"SC_290171"
      },
      {
         "type":"CONTEXTUALIZED_SCRIPT",
         "user":"admin",
         "pointsOnContext":[
         ],
         "objectsOnContext":[
            {
               "varName":"heater",
               "objectId":2
            }
         ],
         "name":"Heater_mode_man",
         "script":"heater.writeDataPoint('DP_979535',1);",
         "xid":"SC_256911"
      },
      {
         "type":"CONTEXTUALIZED_SCRIPT",
         "user":"admin",
         "pointsOnContext":[
         ],
         "objectsOnContext":[
            {
               "varName":"heater",
               "objectId":2
            }
         ],
         "name":"Heater_on",
         "script":"heater.writeDataPoint('DP_982582',1);",
         "xid":"SC_831505"
      },
      {
         "type":"CONTEXTUALIZED_SCRIPT",
         "user":"admin",
         "pointsOnContext":[
         ],
         "objectsOnContext":[
            {
               "varName":"heater",
               "objectId":2
            }
         ],
         "name":"Heater_off",
         "script":"heater.writeDataPoint('DP_982582',0);",
         "xid":"SC_586812"
      }
   ]
}